{"cameraMode":{"drawMode":0,"name":"Shaded","section":"Shading Mode"},"sceneLighting":false,"audioPlay":false,"sceneViewState":{"m_AlwaysRefresh":false,"showFog":true,"showSkybox":false,"showFlares":true,"showImageEffects":true,"showParticleSystems":true,"showVisualEffectGraphs":true,"m_FxEnabled":true},"in2DMode":false,"pivot":{"x":-2.680000066757202,"y":1.3995444774627686,"z":-11.970967292785645},"rotation":{"x":0.03842943534255028,"y":0.16885261237621308,"z":-0.00658868532627821,"w":0.9848701357841492},"size":1.0364930629730225,"orthographic":false}