{"cameraMode":{"drawMode":0,"name":"Shaded","section":"Shading Mode"},"sceneLighting":true,"audioPlay":false,"sceneViewState":{"m_AlwaysRefresh":false,"showFog":true,"showSkybox":true,"showFlares":true,"showImageEffects":true,"showParticleSystems":true,"showVisualEffectGraphs":true,"m_FxEnabled":true},"in2DMode":false,"pivot":{"x":599.9182739257813,"y":210.30746459960938,"z":4.4565582275390629},"rotation":{"x":0.007499899715185165,"y":0.0017961269477382303,"z":0.000013474315892381128,"w":-0.9999704957008362},"size":225.1158905029297,"orthographic":false}